Run,Model_Cfg,Dataset,Batch,Epochs,Last_P,Last_R,Last_mAP50,Last_mAP50_95,Best_mAP50,Best_mAP50_95,Best_Epoch,Last_Val_Box,Last_Val_Obj,Last_Val_Cls
yolov5\runs\train\enhanced_rdd2022_final,,yolov5\data\rdd2022.yaml,32,100,0.6108,0.5569,0.5738,0.2894,0.5738,0.2894,99,0.0411,0.0029,0.0087
yolov5\runs\train\idd_final,,../datasets/idd/data.yaml,16,100,0.8216,0.5784,0.6524,0.4298,0.653,0.4303,93,0.0365,0.023,0.0103
yolov5\runs\train\rdd4d_enhanced_final,,yolov5\data\road_damage.yaml,2,100,0.5404,0.4643,0.3837,0.1979,0.3929,0.2006,96,0.0358,0.0097,0.0063
model_changes\runs\train\directional_verify,yolov5\models\enhanced_rdd4d.yaml,yolov5\data\road_damage.yaml,2,1,0.001,0.0932,0.0006,0.0002,0.0006,0.0002,0,0.0934,0.0116,0.044
model_changes\runs\train\enhanced_anchor_verify2,yolov5\models\enhanced_rdd4d.yaml,yolov5\data\road_damage.yaml,2,1,0.0011,0.0915,0.0006,0.0002,0.0006,0.0002,0,0.1013,0.0108,0.044
model_changes\runs\train\enhanced_rdd2022_final,,yolov5\data\rdd2022.yaml,32,100,0.6108,0.5569,0.5738,0.2894,0.5738,0.2894,99,0.0411,0.0029,0.0087
model_changes\runs\train\enhanced_rdd4d_verify,yolov5\models\enhanced_rdd4d.yaml,yolov5\data\road_damage.yaml,2,1,0.0006,0.0666,0.0004,0.0001,0.0004,0.0001,0,0.0808,0.0073,0.0379
model_changes\runs\train\idd_final,,../datasets/idd/data.yaml,16,100,0.8216,0.5784,0.6524,0.4298,0.653,0.4303,93,0.0365,0.023,0.0103
model_changes\runs\train\rdd2022_batch32_verify,yolov5\models\enhanced_rdd2022.yaml,yolov5\data\rdd2022.yaml,32,1,0.0003,0.1278,0.0004,0.0001,0.0004,0.0001,0,0.0917,0.0032,0.042
model_changes\runs\train\rdd2022_verify,yolov5\models\enhanced_rdd2022.yaml,yolov5\data\rdd2022.yaml,16,1,0.0004,0.1303,0.0003,0.0001,0.0003,0.0001,0,0.0902,0.0032,0.042
model_changes\runs\train\rdd4d_baseline_clean,,yolov5\data\road_damage.yaml,2,100,0.4611,0.4476,0.4326,0.2354,0.4545,0.2273,68,0.0409,0.0329,0.0076
model_changes\runs\train\rdd4d_enhanced_final,,yolov5\data\road_damage.yaml,2,100,0.5404,0.4643,0.3837,0.1979,0.3929,0.2006,96,0.0358,0.0097,0.0063
model_changes\runs\train\rdd4d_main,yolov5\models\enhanced_rdd4d.yaml,yolov5\data\road_damage_v2.yaml,2,100,0.8107,0.3776,0.3862,0.1852,0.4126,0.1894,62,0.0359,0.01,0.006
model_changes\runs\train\rdd4d_v2_verify,yolov5\models\enhanced_rdd4d.yaml,yolov5\data\road_damage_v2.yaml,2,5,0.0014,0.1138,0.0015,0.0004,0.0015,0.0004,4,0.0896,0.0096,0.034
model_changes\runs\train\rdd4d_verify,,yolov5\data\road_damage.yaml,2,1,0.0032,0.2706,0.007,0.0017,0.007,0.0017,0,0.0849,0.0381,0.0335
model_changes\runs\train\directional_verify,yolov5\models\enhanced_rdd4d.yaml,yolov5\data\road_damage.yaml,2,1,0.001,0.0932,0.0006,0.0002,0.0006,0.0002,0,0.0934,0.0116,0.044
model_changes\runs\train\enhanced_anchor_verify2,yolov5\models\enhanced_rdd4d.yaml,yolov5\data\road_damage.yaml,2,1,0.0011,0.0915,0.0006,0.0002,0.0006,0.0002,0,0.1013,0.0108,0.044
model_changes\runs\train\enhanced_rdd2022_final,,yolov5\data\rdd2022.yaml,32,100,0.6108,0.5569,0.5738,0.2894,0.5738,0.2894,99,0.0411,0.0029,0.0087
model_changes\runs\train\enhanced_rdd4d_verify,yolov5\models\enhanced_rdd4d.yaml,yolov5\data\road_damage.yaml,2,1,0.0006,0.0666,0.0004,0.0001,0.0004,0.0001,0,0.0808,0.0073,0.0379
model_changes\runs\train\idd_final,,../datasets/idd/data.yaml,16,100,0.8216,0.5784,0.6524,0.4298,0.653,0.4303,93,0.0365,0.023,0.0103
model_changes\runs\train\rdd2022_batch32_verify,yolov5\models\enhanced_rdd2022.yaml,yolov5\data\rdd2022.yaml,32,1,0.0003,0.1278,0.0004,0.0001,0.0004,0.0001,0,0.0917,0.0032,0.042
model_changes\runs\train\rdd2022_verify,yolov5\models\enhanced_rdd2022.yaml,yolov5\data\rdd2022.yaml,16,1,0.0004,0.1303,0.0003,0.0001,0.0003,0.0001,0,0.0902,0.0032,0.042
model_changes\runs\train\rdd4d_baseline_clean,,yolov5\data\road_damage.yaml,2,100,0.4611,0.4476,0.4326,0.2354,0.4545,0.2273,68,0.0409,0.0329,0.0076
model_changes\runs\train\rdd4d_enhanced_final,,yolov5\data\road_damage.yaml,2,100,0.5404,0.4643,0.3837,0.1979,0.3929,0.2006,96,0.0358,0.0097,0.0063
model_changes\runs\train\rdd4d_main,yolov5\models\enhanced_rdd4d.yaml,yolov5\data\road_damage_v2.yaml,2,100,0.8107,0.3776,0.3862,0.1852,0.4126,0.1894,62,0.0359,0.01,0.006
model_changes\runs\train\rdd4d_v2_verify,yolov5\models\enhanced_rdd4d.yaml,yolov5\data\road_damage_v2.yaml,2,5,0.0014,0.1138,0.0015,0.0004,0.0015,0.0004,4,0.0896,0.0096,0.034
model_changes\runs\train\rdd4d_verify,,yolov5\data\road_damage.yaml,2,1,0.0032,0.2706,0.007,0.0017,0.007,0.0017,0,0.0849,0.0381,0.0335
runs\enhanced4,E:\Parthiv\multi-road-object-detection\yolov5\models\yolov5s_p2_lwc3_eca.yaml,E:\Parthiv\multi-road-object-detection\datasets\idd\data.yaml,16,5,0.6729,0.2907,0.3374,0.1898,0.3374,0.1898,4,0.0543,0.0153,0.0237
runs\train\idd_final,,../datasets/idd/data.yaml,16,100,0.8216,0.5784,0.6524,0.4298,0.653,0.4303,93,0.0365,0.023,0.0103
